JobRole,ONET_SOC_Code,ONET_Title
Sales Executive,41-4012.00,"Sales Representatives, Wholesale and Manufacturing, Except Technical and Scientific Products"
Sales Representative,41-3091.00,Sales Representatives of Services
Healthcare Representative,41-4011.00,"Sales Representatives, Wholesale and Manufacturing, Technical and Scientific Products"
Manager,11-1021.00,General and Operations Managers
Human Resources,13-1071.00,Human Resources Specialists
Research Scientist,19-1042.00,"Medical Scientists, Except Epidemiologists"
Research Director,11-9121.00,Natural Sciences Managers
Laboratory Technician,29-2012.00,Medical and Clinical Laboratory Technicians
Manufacturing Director,11-3051.00,Industrial Production Managers
